Run,ReleaseDate,LoadDate,spots,bases,spots_with_mates,avgLength,size_MB,AssemblyName,download_path,Experiment,LibraryName,LibraryStrategy,LibrarySelection,LibrarySource,LibraryLayout,InsertSize,InsertDev,Platform,Model,SRAStudy,BioProject,Study_Pubmed_id,ProjectID,Sample,BioSample,SampleType,TaxID,ScientificName,SampleName,g1k_pop_code,source,g1k_analysis_group,Subject_ID,Sex,Disease,Tumor,Affection_Status,Analyte_Type,Histological_Type,Body_Site,CenterName,Submission,dbgap_study_accession,Consent,RunHash,ReadHash
SRR426837,2013-02-14 00:00:00,2012-08-11 21:08:12,26256871,4726236780,26256871,180,2736,,https://sra-downloadb.be-md.ncbi.nlm.nih.gov/sos5/sra-pub-zq-11/SRR000/426/SRR426837/SRR426837.sralite.1,SRX120026,TF_adult,RNA-Seq,RANDOM,TRANSCRIPTOMIC,PAIRED,200,0,ILLUMINA,Illumina HiSeq 2000,SRP010923,,,0,SRS292176,SAMN00790412,simple,240496,Tetraclita japonica,TF,,,,,,,no,,,,,"BIODIVERSITY RESEARCH CENTER, ACADEMIA SINICA",SRA050112,,public,6F72E2A316BF8FE6BDDE7381C54A60D0,586B106CC045113374802561A3259D2E
SRR4113502,2017-05-22 13:58:14,2016-09-01 10:38:35,21197423,6359226900,21197423,300,3374,,https://sra-downloadb.be-md.ncbi.nlm.nih.gov/sos5/sra-pub-zq-14/SRR004/113/SRR4113502.sralite.1,SRX2085857,MCZ IZ 71203,RNA-Seq,cDNA,TRANSCRIPTOMIC,PAIRED,0,0,ILLUMINA,Illumina HiSeq 2500,SRP083948,PRJNA328606,,328606,SRS1662891,SAMN05717823,simple,37709,Chthamalus fragilis,MCZ IZ 71203,,,,,,,no,,,,,HARVARD UNIVERSITY,SRA459262,,public,AD48708F072E9ACB709B14B341EE953C,8E54819CAD2258B5B547C7CA1E5CBD37
SRR5140107,2018-02-01 00:09:15,2017-01-03 19:40:14,25290899,7587269700,25290899,300,4156,,https://sra-downloadb.be-md.ncbi.nlm.nih.gov/sos5/sra-pub-zq-14/SRR005/140/SRR5140107.sralite.1,SRX2458815,MCZ IZ 74080,RNA-Seq,cDNA,TRANSCRIPTOMIC,PAIRED,0,0,ILLUMINA,Illumina HiSeq 2500,SRP095961,PRJNA358279,,358279,SRS1891769,SAMN06174160,simple,36137,Pollicipes polymerus,MCZ IZ 74080,,,,,,,no,,,,,HARVARD UNIVERSITY,SRA518604,,public,3DC0E5A07779E6349B39DE88948BA20C,77678D456E8890920AE8DAB49938E3B4
SRR5140130,2018-02-01 00:09:15,2017-01-03 19:45:07,19060048,5718014400,19060048,300,2937,,https://sra-downloadb.be-md.ncbi.nlm.nih.gov/sos5/sra-pub-zq-14/SRR005/140/SRR5140130.sralite.1,SRX2458838,MCZ IZ 71206a,RNA-Seq,cDNA,TRANSCRIPTOMIC,PAIRED,0,0,ILLUMINA,Illumina HiSeq 2500,SRP095961,PRJNA358279,,358279,SRS1891792,SAMN06174146,simple,37711,Loxothylacus texanus,MCZ IZ 71206a,,,,,,,no,,,,,HARVARD UNIVERSITY,SRA518604,,public,23A59E82F51729364BBA9D292E1597E0,DE7C2D610D2570675856F939310F04AA
SRR5140144,2018-02-01 00:09:16,2017-01-03 22:01:51,75092933,22527879900,75092933,300,12429,,https://sra-downloadb.be-md.ncbi.nlm.nih.gov/sos5/sra-pub-zq-14/SRR005/140/SRR5140144.sralite.1,SRX2458852,MCZ IZ 68049,RNA-Seq,cDNA,TRANSCRIPTOMIC,PAIRED,0,0,ILLUMINA,Illumina HiSeq 2500,SRP095961,PRJNA358279,,358279,SRS1891809,SAMN06174140,simple,94630,Semibalanus balanoides,MCZ IZ 68049,,,,,,,no,,,,,HARVARD UNIVERSITY,SRA518604,,public,1DF1B0FDBE4FC3EE9EE2C5AF1F208631,6D485C43894CA2D3B9731E1A4593F2E2
SRR5198727,2017-01-29 18:44:39,2017-01-24 18:23:09,60885658,12298902916,60885658,202,6594,,https://sra-downloadb.be-md.ncbi.nlm.nih.gov/sos5/sra-pub-zq-11/SRR005/198/SRR5198727/SRR5198727.sralite.1,SRX2514203,T_rathkei_M3,RNA-Seq,RANDOM,TRANSCRIPTOMIC,PAIRED,0,0,ILLUMINA,Illumina HiSeq 2500,SRP097712,PRJNA363081,,363081,SRS1937675,SAMN04461044,simple,1720764,Trachelipus rathkii,T_rathkei_M3,,,,,male,,no,,,,,SUNY OSWEGO,SRA531114,,public,69B4CC712CF7F768152796CA49B9F295,6AB7E02AC39FEFCD3FC8E7AD17C8469A
SRR5832119,2018-01-04 16:52:42,2017-07-17 12:42:14,44871270,9063996540,44871270,202,6329,,https://sra-downloadb.be-md.ncbi.nlm.nih.gov/sos5/sra-pub-zq-14/SRR005/832/SRR5832119.sralite.1,SRX3009428,Ppol,RNA-Seq,Hybrid Selection,TRANSCRIPTOMIC,PAIRED,0,0,ILLUMINA,Illumina HiSeq 2000,SRP112554,PRJNA394196,,394196,SRS2359512,SAMN07352954,simple,41117,Pollicipes pollicipes,Ppol,,,,,,,no,,,,,UNIVERSITY OF A CORUNA,SRA587415,,public,B3F51BB301F01C3E2B2F9624F34CA97C,6984E68F38C0976B61730BB93902A098
SRR6327827,2018-03-01 00:07:37,2017-11-28 21:38:58,26785593,8035677900,26785593,300,3488,,https://sra-downloadb.be-md.ncbi.nlm.nih.gov/sos5/sra-pub-zq-14/SRR006/327/SRR6327827.sralite.1,SRX3427461,PVC,RNA-Seq,cDNA,TRANSCRIPTOMIC,PAIRED,0,0,ILLUMINA,Illumina HiSeq 2000,SRP125783,PRJNA420115,,420115,SRS2718923,SAMN08107514,simple,1232802,Amphibalanus reticulatus,PVC,,,,,hermaphrodite,,no,,,,,NATIONAL UNIVERSITY OF DEFENSE TECHNOLOGY,SRA634621,,public,D5E68C61F8CDB9C691D2164BA776C4A8,A0B2009E6B5DD4F30E0D3BE7406C3D9B
SRR6516776,2020-02-01 00:00:19,2018-01-28 08:22:36,32722199,6544439800,32722199,200,2413,,https://sra-downloadb.be-md.ncbi.nlm.nih.gov/sos5/sra-pub-zq-14/SRR006/516/SRR6516776.sralite.1,SRX3604747,carcass_mv,RNA-Seq,cDNA,TRANSCRIPTOMIC,PAIRED,0,0,ILLUMINA,Illumina HiSeq 4000,SRP131606,PRJNA431879,,431879,SRS2872315,SAMN08425387,simple,266495,Megabalanus volcano,carcass,,,,,,,no,,,,,"INSTITUTE OF DEEP-SEA SCIENCE AND ENGINEERING, CHINESE ACADEMY OF SCIENCES",SRA653010,,public,2FCB171E74D9C3481C454C9EF4ACBDF9,B2B7740B78A5BC3DE8229C8A6276B62B
SRR6818896,2018-04-01 00:04:59,2018-03-08 16:13:16,40227053,11035490190,40227053,274,4403,,https://sra-downloadb.be-md.ncbi.nlm.nih.gov/sos5/sra-pub-zq-14/SRR006/818/SRR6818896.sralite.1,SRX3775827,Lan_Cgland,RNA-Seq,cDNA,TRANSCRIPTOMIC,PAIRED,0,0,ILLUMINA,Illumina HiSeq 4000,SRP134179,PRJNA437397,,437397,SRS3029962,SAMN08662092,simple,37710,Lepas anatifera,Lan_Cgland,,,,,hermaphrodite,,no,,,,,CIIMAR - INTERDISCIPLINARY CENTRE OF MARINE AND ENVIRONMENTAL RESEARCH,SRA665014,,public,04A7102C14852619676F0C5115017736,3428613FBBC5A675544BFBFF6D10D94D
SRR7594090,2019-08-25 00:33:01,2018-07-25 21:10:21,8906929,2226732250,8906929,250,994,,https://sra-downloadb.be-md.ncbi.nlm.nih.gov/sos5/sra-pub-zq-16/SRR007/594/SRR7594090.sralite.1,SRX4459125,Lvana_R106_2,RNA-Seq,PolyA,TRANSCRIPTOMIC,PAIRED,0,0,ILLUMINA,Illumina HiSeq 2500,SRP155271,PRJNA482687,,482687,SRS3596546,SAMN09711341,simple,6689,Penaeus vannamei,Lvana_R106,,,,,not collected,,no,,,,,JAMES COOK UNIVERSITY,SRA744784,,public,D0E7E6E454B9CDDB586AC6C29E7874CA,F81254F28E415A53A2CBF37265ACB08C
SRR8486073,2019-02-15 00:24:52,2019-01-25 05:09:58,49374710,14911162420,49374710,302,6013,,https://sra-downloadb.be-md.ncbi.nlm.nih.gov/sos9/sra-pub-zq-922/SRR008/486/SRR8486073.sralite.1,SRX5290708,Balanidae-D-7,RNA-Seq,other,TRANSCRIPTOMIC,PAIRED,0,0,ILLUMINA,HiSeq X Ten,SRP182011,PRJNA516093,,516093,SRS4290068,SAMN10786048,simple,1604590,Neolepas marisindica,Balanidae-D-7,,,,,,,no,,,,,APEC CLIMATE CENTER,SRA839177,,public,F2E27D882F628CC0B9CD4F37C42AFED2,AE77FA70ED046320CBEDE2DFD9EC6682
DRR169038,2019-02-13 13:07:33,2019-02-14 15:22:08,28490614,5527179116,28490614,194,3287,,https://sra-downloadb.be-md.ncbi.nlm.nih.gov/sos5/sra-pub-zq-11/DRR000/169/DRR169038/DRR169038.sralite.1,DRX159652,Naup-a-13C-1r-1day,RNA-Seq,cDNA,TRANSCRIPTOMIC,PAIRED,270,0,ILLUMINA,Illumina HiSeq 1000,DRP004820,PRJDB8012,,522075,DRS088106,SAMD00161390,simple,2836420,Parasacculina yatsui,SAMD00161390,,,,,,,no,,,,,AKITA_PREF,DRA008065,,public,409F13C2C641348946789060C206B739,3E0ABE7D1749DDECCDD737C6E2593E2C
SRR8755479,2020-03-09 11:18:20,2019-03-20 07:00:52,261761586,65963919672,261761586,252,22393,,https://sra-downloadb.be-md.ncbi.nlm.nih.gov/sos5/sra-pub-zq-16/SRR008/755/SRR8755479.sralite.1,SRX5546205,P4114_101,RNA-Seq,other,TRANSCRIPTOMIC,PAIRED,0,0,ILLUMINA,Illumina HiSeq 2500,SRP188911,PRJNA528169,,528169,SRS4511824,SAMN11175258,simple,1220549,Amphibalanus improvisus,7_160331_BC8B99ANXX_P4114_101,,,,,,,no,,,,,GOTHENBURG UNIVERSITY,SRA862440,,public,F8DD96C0D432F10402A9095A7F7499BF,581BA829BEFF08BB8E4F743052AD83F9
SRR10523768,2020-03-02 21:21:05,2019-11-25 02:52:49,60412211,18123663300,0,300,5504,,https://sra-downloadb.be-md.ncbi.nlm.nih.gov/sos5/sra-pub-zq-16/SRR010/523/SRR10523768.sralite.1,SRX7208254,MBM285046,RNA-Seq,Oligo-dT,TRANSCRIPTOMIC,SINGLE,0,0,ILLUMINA,Illumina HiSeq 2000,SRP232921,PRJNA591400,,591400,SRS5712604,SAMN13381607,simple,2358227,Glyptelasma gigas,Ggig,,,,,,,no,,,,,"INSTITUTE OF OCEANOLOGY, CHINESE ACADEMY OF SCIENCES",SRA1002029,,public,8314FAE7310F75C31D55D8D4E67C36B5,031434328B952794C7DD34B85102C35D
SRR10527303,2020-03-02 21:21:05,2019-11-25 16:31:14,61021752,18306525600,0,300,5921,,https://sra-downloadb.be-md.ncbi.nlm.nih.gov/sos9/sra-pub-zq-922/SRR010/527/SRR10527303.sralite.1,SRX7211789,MBM285047,RNA-Seq,Oligo-dT,TRANSCRIPTOMIC,SINGLE,0,0,ILLUMINA,Illumina HiSeq 2000,SRP232921,PRJNA591400,,591400,SRS5714727,SAMN13381512,simple,479288,Octolasmis warwickii,Owar,,,,,,,no,,,,,"INSTITUTE OF OCEANOLOGY, CHINESE ACADEMY OF SCIENCES",SRA1002365,,public,CA74464F96C29F66462F95F787F0F039,FABB8D3F97D3E14E24121700EB2E5F3F
SRR10995811,2020-01-31 20:55:12,2020-01-31 20:52:09,11238236,3393947272,11238236,302,1894,,https://sra-downloadb.be-md.ncbi.nlm.nih.gov/sos9/sra-pub-zq-922/SRR010/995/SRR10995811.sralite.1,SRX7656896,LTS16_JM45_383bp_GTGGCC_L001,RNA-Seq,RANDOM,TRANSCRIPTOMIC,PAIRED,0,0,ILLUMINA,Illumina HiSeq 2500,SRP246350,PRJNA604201,,604201,SRS6086174,SAMN13956700,simple,217703,Chelonibia testudinaria,Ct-promosa-R1,,,,,hermaphrodite,,no,,,,,SHENZHEN UNIVERSITY,SRA1035331,,public,24881CFFC0E691C980A2F81A6B373668,D6E81ADC614899C0DBECD9063668A1B9
SRR12539558,2021-09-01 00:48:10,2020-08-28 10:09:58,11220117,6754510434,11220117,602,3693,,https://sra-downloadb.be-md.ncbi.nlm.nih.gov/sos9/sra-pub-zq-922/SRR012/12539/SRR12539558/SRR12539558.lite.1,SRX9029241,Sacculina interna N,RNA-Seq,RANDOM,TRANSCRIPTOMIC,PAIRED,0,0,ILLUMINA,Illumina MiSeq,SRP279185,PRJNA659937,,659937,SRS7280528,SAMN15930503,simple,51650,Sacculina carcini,Sacculina_carcini_SCAR_RN (RNAseq Illumina),,,,,,,no,,,,,ZOOLOGICAL RESEARCH MUSEUM ALEXANDER KOENIG,SRA1118337,,public,35760FFD2ECE1F61CC4E526EB41E8F75,D75CC576436B0CE0AA8AE35707EF3DBD
ERR6286734,2021-07-14 21:05:58,2021-07-19 03:50:42,20614168,6225478736,20614168,302,2649,,https://sra-downloadb.be-md.ncbi.nlm.nih.gov/sos1/sra-pub-zq-38/ERR006/6286/ERR6286734/ERR6286734.lite.1,ERX5921422,,RNA-Seq,PolyA,TRANSCRIPTOMIC,PAIRED,200,0,ILLUMINA,Illumina HiSeq 4000,ERP129267,PRJEB45156,,731786,ERS5279397,SAMEA7522920,simple,51650,Sacculina carcini,SAMEA7522920,,,,,female,,no,,,,,WELLCOME SANGER INSTITUTE,ERA5236445,,public,B00191E8618B195E41544E45F33351C2,18896113CA424F698BD8A358BCA9AC04
SRR13051591,2021-06-12 17:18:27,2020-11-12 22:46:36,32661734,9798520200,32661734,300,2937,,https://sra-downloadb.be-md.ncbi.nlm.nih.gov/sos4/sra-pub-zq-1/SRR013/13051/SRR13051591/SRR13051591.lite.1,SRX9500989,Lan001_RNAseq-S,RNA-Seq,RANDOM,TRANSCRIPTOMIC,PAIRED,0,0,ILLUMINA,Illumina NovaSeq 6000,SRP292429,PRJNA678024,,678024,SRS7709761,SAMN16787440,simple,245079,Lepas anserifera,Lan001,,,,,,,no,,,,,HONG KONG BAPTIST UNIVERSITY,SRA1158201,,public,87B1271E781A08FD4E88FABD71ADCF62,A5CC641595436E70A8B06A0E935F61B0
SRR13164554,2020-11-29 22:08:50,2020-11-29 22:06:34,10457004,3158015208,10457004,302,1733,,https://sra-downloadb.be-md.ncbi.nlm.nih.gov/sos9/sra-pub-zq-922/SRR013/13164/SRR13164554/SRR13164554.lite.1,SRX9603444,LTS16-JM17_391bp_L001,RNA-Seq,RANDOM,TRANSCRIPTOMIC,PAIRED,0,0,ILLUMINA,Illumina HiSeq 2500,SRP294979,PRJNA681321,,681321,SRS7807157,SAMN16953522,simple,1325305,Megabalanus ajax,Majex_promosa_L1,,,,,,,no,,,,,AKITA PREFECTURAL UNIVERSITY,SRA1164912,,public,390350B21D22F2DEAEF562D01C7ABAFD,A3ADF875DC940A0050EC8F4E9EC032FE
SRR13169468,2022-01-31 03:09:38,2020-11-30 17:44:05,11060514,3340275228,11060514,302,1847,,https://sra-downloadb.be-md.ncbi.nlm.nih.gov/sos8/sra-pub-zq-818/SRR013/13169/SRR13169468/SRR13169468.lite.1,SRX9607837,LTS16-JM08_379bp_L001,RNA-Seq,RANDOM,TRANSCRIPTOMIC,PAIRED,0,0,ILLUMINA,Illumina HiSeq 2500,SRP294979,PRJNA681321,,681321,SRS7811193,SAMN16963734,simple,1325312,Membranobalanus longirostrum,Mlong_promosa_L1,,,,,,,no,,,,,AKITA PREFECTURAL UNIVERSITY,SRA1165451,,public,68A2C7B95E39868D12232FAB7AB333EF,3D0374C64370D4FE8AC7A67D2F0EBE44
SRR13169467,2022-01-31 03:09:38,2020-11-30 17:44:31,11007130,3324153260,11007130,302,1831,,https://sra-downloadb.be-md.ncbi.nlm.nih.gov/sos8/sra-pub-zq-818/SRR013/13169/SRR13169467/SRR13169467.lite.1,SRX9607838,LTS16-JM08_379bp_L002,RNA-Seq,RANDOM,TRANSCRIPTOMIC,PAIRED,0,0,ILLUMINA,Illumina HiSeq 2500,SRP294979,PRJNA681321,,681321,SRS7811194,SAMN16963735,simple,1325312,Membranobalanus longirostrum,Mlong_promosa_L2,,,,,,,no,,,,,AKITA PREFECTURAL UNIVERSITY,SRA1165451,,public,7498747455D2133A0A420BE77DB0E98B,5729323ECF906649DD9C59EE461FCA78
SRR13518267,2022-01-31 03:10:01,2021-01-25 02:24:14,10308452,3113152504,10308452,302,1723,,https://sra-downloadb.be-md.ncbi.nlm.nih.gov/sos8/sra-pub-zq-818/SRR013/13518/SRR13518267/SRR13518267.lite.1,SRX9929312,LTS16-JM20_366bp_L001,RNA-Seq,RANDOM,TRANSCRIPTOMIC,PAIRED,0,0,ILLUMINA,Illumina HiSeq 2500,SRP294979,PRJNA681321,,681321,SRS8104900,SAMN17525968,simple,432346,Wanella milleporae,Wmill_base_L1,,,,,,,no,,,,,ACADEMIA SINICA,SRA1187339,,public,F73EE5FF1D18E84BE401AF6A8BAD908E,EB52F053E3FD447F2A1401E712E8E326
SRR13523349,2022-01-31 03:10:01,2021-01-25 16:00:03,10540808,3183324016,10540808,302,1758,,https://sra-downloadb.be-md.ncbi.nlm.nih.gov/sos8/sra-pub-zq-818/SRR013/13523/SRR13523349/SRR13523349.lite.1,SRX9934015,LTS16-JM11_389bp_L001,RNA-Seq,RANDOM,TRANSCRIPTOMIC,PAIRED,0,0,ILLUMINA,Illumina HiSeq 2500,SRP294979,PRJNA681321,,681321,SRS8109421,SAMN17491171,simple,2805688,Pectinoacasta sp. KKC-2021,PECT_base_L1,,,,,,,no,,,,,ACADEMIA SINICA,SRA1187672,,public,E198128A9DF5930B378E17BBB66013F6,6029E57349FE3FACBD270A869F3D794F
SRR13528008,2022-01-31 03:10:02,2021-01-25 22:14:39,10223749,3087572198,10223749,302,1724,,https://sra-downloadb.be-md.ncbi.nlm.nih.gov/sos1/sra-pub-zq-38/SRR013/13528/SRR13528008/SRR13528008.lite.1,SRX9936326,LTS16-JM25_377bp_L001,RNA-Seq,RANDOM,TRANSCRIPTOMIC,PAIRED,0,0,ILLUMINA,Illumina HiSeq 2500,SRP294979,PRJNA681321,,681321,SRS8111497,SAMN17573706,simple,316610,Chthamalus malayensis,Cmala_base_L1,,,,,,,no,,,,,ACADEMIA SINICA,SRA1187783,,public,F171110760E0633C77305C4F4F1B7B89,250A3E3C648454AC1184826131EB81A7
SRR13557739,2022-01-31 03:10:03,2021-01-29 00:17:05,10903742,3292930084,10903742,302,1821,,https://sra-downloadb.be-md.ncbi.nlm.nih.gov/sos1/sra-pub-zq-38/SRR013/13557/SRR13557739/SRR13557739.lite.1,SRX9956026,LTS16-JM48_403bp_L001,RNA-Seq,RANDOM,TRANSCRIPTOMIC,PAIRED,0,0,ILLUMINA,Illumina HiSeq 2500,SRP294979,PRJNA681321,,681321,SRS8130789,SAMN17598517,simple,748155,Conchoderma hunteri,Chunt_promosa_L1,,,,,,,no,,,,,ACADEMIA SINICA,SRA1188232,,public,8D85EDDCBF07A38E55BD05AD95A8F271,5D2D8DED2CD50F8A9C9FC9DA8EF602A0
SRR13580929,2022-01-31 03:10:03,2021-01-29 15:15:13,11571252,3494518104,11571252,302,1920,,https://sra-downloadb.be-md.ncbi.nlm.nih.gov/sos4/sra-pub-zq-1/SRR013/13580/SRR13580929/SRR13580929.lite.1,SRX9978882,LTS16-JM36_383bp_L001,RNA-Seq,RANDOM,TRANSCRIPTOMIC,PAIRED,0,0,ILLUMINA,Illumina HiSeq 2500,SRP294979,PRJNA681321,,681321,SRS8151035,SAMN17573517,simple,2806734,Galkinius sp. KKC-2021,GALK_base_L1,,,,,,,no,,,,,ACADEMIA SINICA,SRA1189487,,public,A750F41FB1FBA28B91CD4048926F40F2,A61332C1FA9C2E9EB63FAE067D917B04
SRR13785539,2021-02-25 16:13:01,2021-02-25 16:06:36,27121002,4881780360,27121002,180,3270,,https://sra-downloadb.be-md.ncbi.nlm.nih.gov/sos9/sra-pub-zq-924/SRR013/13785/SRR13785539/SRR13785539.lite.1,SRX10170722,TF_rim_l1_1,RNA-Seq,RANDOM,TRANSCRIPTOMIC,PAIRED,0,0,ILLUMINA,Illumina HiSeq 2500,SRP294979,PRJNA681321,,681321,SRS8320777,SAMN18042805,simple,1562191,Tetraclita japonica formosana,Tformosana_base,,,,,,,no,,,,,SHENZHEN UNIVERSITY,SRA1200209,,public,68F4A894BAEBC95A6005EF7B6A08E034,C2E390612E5F3790BFE665C72B7171F3
SRR14354747,2021-07-02 00:11:43,2021-04-29 10:00:48,42170437,12651131100,42170437,300,4609,,https://sra-downloadb.be-md.ncbi.nlm.nih.gov/sos8/sra-pub-zq-818/SRR014/14354/SRR14354747/SRR14354747.lite.1,SRX10708594,ZYT03,RNA-Seq,RANDOM,TRANSCRIPTOMIC,PAIRED,0,0,ILLUMINA,Illumina HiSeq 2000,SRP316832,PRJNA725059,,725059,SRS8798326,SAMN18916982,simple,41070,Capitulum mitella,GZ2,,,,,,,no,,,,,FUJIAN NORMAL UNIVERSITY,SRA1225212,,public,6B094E3E15110F8A11A3F79DB562A8C9,D89068F28C537EE40C97C2F9CF77FB99
SRR14809834,2021-06-15 10:57:05,2021-06-15 09:37:20,436550117,131838135334,436550117,302,42403,,https://sra-downloadb.be-md.ncbi.nlm.nih.gov/sos8/sra-pub-zq-818/SRR014/14809/SRR14809834/SRR14809834.lite.1,SRX11142767,BodyxScript0001R1,RNA-Seq,RANDOM,TRANSCRIPTOMIC,PAIRED,0,0,ILLUMINA,Illumina MiSeq,SRP324028,PRJNA734913,2,734913,SRS9204827,SAMN19549331,simple,1232801,Amphibalanus amphitrite,BodyxScript,,,,,,,no,,,,,NAVAL RESEARCH LABORATORY,SRA1243020,,public,6C201407FDF55FC6395DE980E4FF24AB,E3D28E5B9B00F404C193E5F03421B70D
SRR14872363,2021-06-21 17:25:42,2021-06-21 15:36:27,22750021,1137501050,0,50,498,,https://sra-downloadb.be-md.ncbi.nlm.nih.gov/sos8/sra-pub-zq-818/SRR014/14872/SRR14872363/SRR14872363.lite.1,SRX11189815,12331X7,RNA-Seq,Oligo-dT,TRANSCRIPTOMIC,SINGLE,0,0,ILLUMINA,Illumina HiSeq 2000,SRP324899,PRJNA739642,,739642,SRS9245814,SAMN19796478,simple,238044,Loxothylacus panopaei,MD_F_4,,,,,female,,no,,,,,SMITHSONIAN INSTITUTION,SRA1248460,,public,8FE31D804EFB1A6B115108D09DCCD270,A13953CEE0FA9A9BFEE6B6F961301837
SRR15043433,2021-07-05 14:19:17,2021-07-05 14:17:28,31343656,4691327148,31343656,149,1931,,https://sra-downloadb.be-md.ncbi.nlm.nih.gov/sos8/sra-pub-zq-818/SRR015/15043/SRR15043433/SRR15043433.lite.1,SRX11354074,B2IPPP-treated-8,RNA-Seq,cDNA,TRANSCRIPTOMIC,PAIRED,0,0,ILLUMINA,NextSeq 500,SRP326989,PRJNA743879,,743879,SRS9401001,SAMN20062617,simple,294128,Hyalella azteca,B-1000-8,,,,,female,,no,,,,,ENVIRONMENT AND CLIMATE CHANGE CANADA,SRA1254637,,public,76E6D185E3926DD1BEFB2B7607605A39,F75399D1D1841461B1B0337EF8BB5F14
SRR17651134,2022-01-18 04:19:11,2022-01-18 04:12:41,55245434,11976211472,55245434,216,5610,,https://sra-downloadb.be-md.ncbi.nlm.nih.gov/sos8/sra-pub-zq-820/SRR017/17651/SRR17651134/SRR17651134.lite.1,SRX13819380,Pret_thoracic_part_rep2,RNA-Seq,cDNA,TRANSCRIPTOMIC,PAIRED,0,0,ILLUMINA,Illumina HiSeq 2500,SRP355523,PRJNA798055,,798055,SRS11699181,SAMN25044011,simple,2664287,Peltogaster reticulata,Pret_thoracic_part_rep2,,,,,female,,no,,,,,SAINT PETERSBURG UNIVERSITY,SRA1357860,,public,951DF39768A772D5D21FDE7C9DBE59EA,DD00A6516B90EB9B04D897856C55D370
ERR15320369,2025-07-23 09:32:58,2025-07-28 05:09:52,28598585,8636772670,28598585,302,2755,,https://sra-downloadb.be-md.ncbi.nlm.nih.gov/sos7/sra-pub-zq-41/ERR015/15320/ERR15320369/ERR15320369.lite.1,ERX14727208,SQPP-7472-W:E11,RNA-Seq,PolyA,TRANSCRIPTOMIC,PAIRED,200,0,ILLUMINA,Illumina NovaSeq 6000,ERP135013,PRJEB50433,,1295259,ERS10420478,SAMEA12813518,simple,319673,Clistosaccus paguri,SAMEA12813518,,,,,female,,no,,,,,WELLCOME SANGER INSTITUTE,ERA33646052,,public,12077151242665DF42E7BA0303822ECB,B0C290ABCF4731646EA9EB19B0A41324
DRR277134,2022-02-28 10:05:58,2022-02-28 10:12:01,107068459,21627828718,107068459,202,13834,,https://sra-downloadb.be-md.ncbi.nlm.nih.gov/sos9/sra-pub-zq-924/DRR000/277/DRR277134/DRR277134.lite.1,DRX266718,1-1 N6_728,RNA-Seq,cDNA,TRANSCRIPTOMIC,PAIRED,130,0,ILLUMINA,Illumina HiSeq 1000,DRP008231,PRJDB11267,,810991,DRS229693,SAMD00283133,simple,6680,Megabalanus rosa,SAMD00283133,,,,,,,no,,,,,AKITA_PREF,DRA011632,,public,92242429BBC58C7F6F9D2A0C085B5C2A,39356EABFA2BD6A18E23F92B33B3B5D8
SRR23490783,2024-03-31 00:01:14,2023-02-15 22:40:54,28158729,8447618700,28158729,300,2552,,https://sra-downloadb.be-md.ncbi.nlm.nih.gov/sos4/sra-pub-zq-5/SRR023/23490/SRR23490783/SRR23490783.lite.1,SRX19384350,BhirCir1,RNA-Seq,RANDOM,TRANSCRIPTOMIC,PAIRED,0,0,ILLUMINA,Illumina HiSeq 2500,SRP294979,PRJNA681321,,681321,SRS16780262,SAMN33180070,simple,3027497,Bathylasma hirsutum,Tissue samples,,,,,,,no,,,,,SHENZHEN UNIVERSITY,SRA1591083,,public,D6F7C416A4E4D53A9861BD8E1D9BDC60,5659532949B950664C57C3E961B42846
SRR23562286,2023-02-21 07:14:48,2023-02-21 07:09:09,23876268,7162880400,23876268,300,2111,,https://sra-downloadb.be-md.ncbi.nlm.nih.gov/sos4/sra-pub-zq-3/SRR023/23562/SRR23562286/SRR23562286.lite.1,SRX19449228,Vf_3,RNA-Seq,cDNA,TRANSCRIPTOMIC,PAIRED,0,0,ILLUMINA,Illumina HiSeq 2500,SRP423637,PRJNA935972,,935972,SRS16842310,SAMN33331044,simple,2511776,Vulcanolepas fijiensis,Vf_3,,,,,,,no,,,,,JIANGSU OCEAN UNIVERSITY,SRA1593284,,public,8446AA97955A0E19996FDC7EBDB9F5DC,8F5E639FF73A1DE8BCE9E90656B93F1C
SRR23562283,2023-02-21 07:14:48,2023-02-21 07:11:37,23796882,7139064600,23796882,300,2317,,https://sra-downloadb.be-md.ncbi.nlm.nih.gov/sos4/sra-pub-zq-3/SRR023/23562/SRR23562283/SRR23562283.lite.1,SRX19449231,Ss_3,RNA-Seq,cDNA,TRANSCRIPTOMIC,PAIRED,0,0,ILLUMINA,Illumina HiSeq 2500,SRP423637,PRJNA935972,,935972,SRS16842312,SAMN33331047,simple,748153,Scalpellum stearnsi,Ss_3,,,,,,,no,,,,,JIANGSU OCEAN UNIVERSITY,SRA1593284,,public,68F4AB9C65BBF9E4623F23108CA349AA,52E7EB1675C5007C71B21F2C30182222
DRR311751,2023-08-02 13:59:58,2023-09-16 05:57:41,32444754,9798315708,32444754,302,3394,,https://sra-downloadb.be-md.ncbi.nlm.nih.gov/sos8/sra-pub-zq-818/DRR000/311/DRR311751/DRR311751.lite.1,DRX301171,20A-1Pp24v4DGint,RNA-Seq,cDNA,TRANSCRIPTOMIC,PAIRED,130,0,ILLUMINA,HiSeq X Ten,DRP010354,PRJDB12093,,1001647,DRS318201,SAMD00396033,simple,238042,Polyascus polygenea,SAMD00396033,,,,,,,no,,,,,AKITA_PREF,DRA012517,,public,8A27FADDDFB896F9359E6AD56E2663CC,2A2A5170E956494BD7BAD0EF48696418
SRR29118782,2024-05-22 00:20:30,2024-05-21 23:03:36,56846853,11088693773,56846853,195,3512,,https://sra-downloadb.be-md.ncbi.nlm.nih.gov/sos6/sra-pub-zq-40/SRR029/29118/SRR29118782/SRR29118782.lite.1,SRX24642640,Tetrub_legs_316,RNA-Seq,PolyA,TRANSCRIPTOMIC,PAIRED,0,0,ILLUMINA,Illumina NovaSeq 6000,SRP509098,PRJNA1011947,,1011947,SRS21379727,SAMN41406253,simple,311010,Tetraclita rubescens,Tetrub_legs_316,,,,,,,no,,,,,UCLA,SRA1873732,,public,E624BA74759F07BC208FE2F55F555F98,E5401A88E2EAEC49DF63CAD22F96A42B
DRR345795,2024-06-30 15:28:50,2024-06-30 15:35:12,11578894,4358800897,11578894,376,2302,,https://sra-downloadb.be-md.ncbi.nlm.nih.gov/sos6/sra-pub-zq-40/DRR000/345/DRR345795/DRR345795.lite.1,DRX334708,,RNA-Seq,PolyA,TRANSCRIPTOMIC,PAIRED,600,0,ILLUMINA,Illumina MiSeq,DRP011735,PRJDB12911,,1130153,DRS393583,SAMD00441438,simple,399131,Balanus rostratus,SAMD00441438,,,,,,,no,,,,,BRH,DRA013437,,public,1C7776BBB30418E8D3B3B505CD6863A1,3876D54B57EE0F50EC3942CCEEBF10BD
SRR31412042,2025-01-29 04:14:19,2024-11-20 12:50:01,24168634,7230558990,24168634,299,2173,,https://sra-downloadb.be-md.ncbi.nlm.nih.gov/sos7/sra-pub-zq-41/SRR031/31412/SRR31412042/SRR31412042.lite.1,SRX26781120,P_sinen02T0013,RNA-Seq,PCR,TRANSCRIPTOMIC,PAIRED,0,0,ILLUMINA,Illumina NovaSeq 6000,SRP546456,PRJNA1185833,,1185833,SRS23267723,SAMN44729405,simple,3381862,Parasacculina sinensis,02T0013,,,,,,,no,,,,,SHENZHEN UNIVERSITY,SRA2018246,,public,45EF915B9D7A00208FD9CA48113D0517,041F904474C41FE6A5C837943D8D7665
SRR33589383,2025-07-25 10:30:54,2025-05-15 16:46:37,35629,57367601,0,1610,17,,https://sra-downloadb.be-md.ncbi.nlm.nih.gov/sos8/sra-pub-run-834/SRR033/33589/SRR33589383/SRR33589383.1,SRX28819094,m54057_190926_040405,RNA-Seq,cDNA,METATRANSCRIPTOMIC,SINGLE,0,0,PACBIO_SMRT,Sequel II,SRP585651,PRJNA1262993,,1262993,SRS25053820,SAMN48491911,simple,3423369,Hansenocaris sp.,JA-2018-2019-metaY1Y2,,,,,Not applicable,,no,,,,,NATURAL HISTORY MUSEUM OF DENMARK,SRA2130587,,public,36054F9469E55674A8BC8E662FD0E548,CC5C5CD26BFC51C64202A8402D3D0CFB
